{
    "Credentials": {
        "marketdata_appkey": "0cc9afbf2b3a3e755c2974",
        "marketdata_secretkey": "Qxnj340@vZ",
        "interactive_appkey": "bfde7a91fc4e258a2f4655",
        "interactive_secretkey": "Vmkn522$KT",
        "source": "TWSAPI"
    },
    "disable_ssl": "True",
    "broadcastmode": "Partial",
    "url": "http://192.168.102.9:3000",
    "IAToken": {
        "token": "eyJhbGciOiJIUzI1NiIsInR5cCI6IkpXVCJ9.eyJ1c2VySUQiOiJZQVNIM181RTFEOThDMjQ1NzJDMDlBMzBCNTU2IiwicHVibGljS2V5IjoiNWUxZDk4YzI0NTcyYzA5YTMwYjU1NiIsImlhdCI6MTY1NjQ3MzUyMiwiZXhwIjoxNjU2NTU5OTIyfQ.A6ftRBn7XpWB6tXuqfnv26gi5HYFjJzylJaX4_pQA0U",
        "login_date": "22-06-29",
        "login_time": "09:02:01",
        "Client_list": [
            "*****"
        ]
    },
    "MDToken": {
        "token": "eyJhbGciOiJIUzI1NiIsInR5cCI6IkpXVCJ9.eyJ1c2VySUQiOiJZQVNIM19kMDU5M2MwODFkY2Y1ZDFhYWI5Zjc0IiwicHVibGljS2V5IjoiZDA1OTNjMDgxZGNmNWQxYWFiOWY3NCIsImlhdCI6MTY1NjQ3MzUyMiwiZXhwIjoxNjU2NTU5OTIyfQ.DPtQugySg3kZ29oYePJnKg2PDR_Br11tT0Q--It6Y9U",
        "login_time": "09:02:01"
    },
    "DefaultClient": "PRO13",
    "userID": "YASH13"
}