{
    "Credentials": {
        "marketdata_appkey": "305a264d70a8219fe91556",
        "marketdata_secretkey": "Cwdr317$h2",
        "interactive_appkey": "de9e36ff924ca743ed3959",
        "interactive_secretkey": "Qaot034@P9",
        "source": "TWSAPI"
    },
    "disable_ssl": "True",
    "broadcastmode": "Partial",
    "url": "http://192.168.102.22:3000",
    "url2": "http://192.168.102.22:3000",
    "url1": "http://14.97.72.10:3000",
    "IAToken": {
        "token": "eyJhbGciOiJIUzI1NiIsInR5cCI6IkpXVCJ9.eyJ1c2VySUQiOiJBU1M4MjJfREU5RTM2RkY5MjRDQTc0M0VEMzk1OSIsInB1YmxpY0tleSI6ImRlOWUzNmZmOTI0Y2E3NDNlZDM5NTkiLCJpYXQiOjE2ODUxMDE4OTgsImV4cCI6MTY4NTE4ODI5OH0.A31d8i8kPFn6Rp14eJsxGpkxcRVtB0T0EfnR62joi3Y",
        "login_date": "23-05-26",
        "login_time": "17:21:37",
        "Client_list": [
            "A0007",
            "A0008"
        ]
    },
    "MDToken": {
        "token": "eyJhbGciOiJIUzI1NiIsInR5cCI6IkpXVCJ9.eyJ1c2VySUQiOiJBU1M4MjJfMzA1YTI2NGQ3MGE4MjE5ZmU5MTU1NiIsInB1YmxpY0tleSI6IjMwNWEyNjRkNzBhODIxOWZlOTE1NTYiLCJpYXQiOjE2ODUxMDE4OTQsImV4cCI6MTY4NTE4ODI5NH0.sRiZ8L3wKP7VGSB2Pd7JXBaMJuDYhpbIWmUtXUIdagU",
        "login_time": "17:21:33"
    },
    "DefaultClient": "A0007",
    "userID": "ASS822",
    "UDP_FO": 34330,
    "UDP_CASH": 34074
}