{
    "Credentials": {
        "marketdata_appkey": "ea197e3144b381899c6927",
        "marketdata_secretkey": "Neqk211$Pk",
        "interactive_appkey": "b270424f2247d52b006840",
        "interactive_secretkey": "Bhqe750#i1",
        "source": "WEBAPI"
    },
    "disable_ssl": "True",
    "broadcastmode": "Partial",
    "url": "http:// :3000",
    "url2": "http://192.168.102.22:3000",
    "url1": "http://14.97.72.10:3000",
    "IAToken": {
        "token": "eyJhbGciOiJIUzI1NiIsInR5cCI6IkpXVCJ9.eyJ1c2VySUQiOiJBMDExOV9CMjcwNDI0RjIyNDdENTJCMDA2ODQwIiwicHVibGljS2V5IjoiYjI3MDQyNGYyMjQ3ZDUyYjAwNjg0MCIsImlhdCI6MTY1OTQzOTczNiwiZXhwIjoxNjU5NTI2MTM2fQ.Dc2lgdnSNJFSkHd4KKl78a0xlIBjHxefHLzhe3Ie2x0",
        "login_date": "22-08-02",
        "login_time": "16:58:56",
        "Client_list": [
            "A0119"
        ]
    },
    "MDToken": {
        "token": "eyJhbGciOiJIUzI1NiIsInR5cCI6IkpXVCJ9.eyJ1c2VySUQiOiJBMDExOV9lYTE5N2UzMTQ0YjM4MTg5OWM2OTI3IiwicHVibGljS2V5IjoiZWExOTdlMzE0NGIzODE4OTljNjkyNyIsImlhdCI6MTY1OTQzOTczNSwiZXhwIjoxNjU5NTI2MTM1fQ.AfVVPAjmlSkY8Nk8VTl75L8TQTnx24T395cAJcvG-AY",
        "login_time": "16:58:55"
    },
    "DefaultClient": "A0119",
    "userID": "A0119",
    "UDP_FO": 28442,
    "UDP_CASH": 34074
}