{
    "Credentials": {
        "marketdata_appkey": "1a70d84618f9af9c379939",
        "marketdata_secretkey": "Tnse721@Xn",
        "interactive_appkey": "6c7be4eba6ea1df28f0689",
        "interactive_secretkey": "Gpkk430#Io",
        "source": "WEBAPI"
    },
    "disable_ssl": "True",
    "broadcastmode": "Partial",
    "url": "http://192.168.102.22:3000",
    "url2": "http://192.168.102.22:3000",
    "url1": "http://14.97.72.10:3000",
    "IAToken": {
        "token": "eyJhbGciOiJIUzI1NiIsInR5cCI6IkpXVCJ9.eyJ1c2VySUQiOiJBMDExOV9CMjcwNDI0RjIyNDdENTJCMDA2ODQwIiwicHVibGljS2V5IjoiYjI3MDQyNGYyMjQ3ZDUyYjAwNjg0MCIsImlhdCI6MTY1OTQzOTczNiwiZXhwIjoxNjU5NTI2MTM2fQ.Dc2lgdnSNJFSkHd4KKl78a0xlIBjHxefHLzhe3Ie2x0",
        "login_date": "22-08-02",
        "login_time": "16:58:56",
        "Client_list": [
            "A007"
        ]
    },
    "MDToken": {
        "token": "eyJhbGciOiJIUzI1NiIsInR5cCI6IkpXVCJ9.eyJ1c2VySUQiOiJBMDExOV9lYTE5N2UzMTQ0YjM4MTg5OWM2OTI3IiwicHVibGljS2V5IjoiZWExOTdlMzE0NGIzODE4OTljNjkyNyIsImlhdCI6MTY1OTQzOTczNSwiZXhwIjoxNjU5NTI2MTM1fQ.AfVVPAjmlSkY8Nk8VTl75L8TQTnx24T395cAJcvG-AY",
        "login_time": "16:58:55"
    },
    "DefaultClient": "A007",
    "userID": "A007",
    "UDP_FO": 28442,
    "UDP_CASH": 34074
}