{
    "Today": "20230131",
    "Yesterday": "20230130",
    "lastSerialNO": 2,
    "SerialInUse": [],
    "Previous": {
        "Active": []
    },
    "Today_list": {
        "All": [
            {
                "serialNo": 16,
                "FolioName": "16_VixMonkey",
                "Date": "31-Jan-2023",
                "StretegyType": "Vix_Monkey",
                "clientId": "A0119",
                "symbol": "BANKNIFTY",
                "Status": "Active"
            },
            {
                "serialNo": 17,
                "FolioName": "17_VixMonkey",
                "Date": "31-Jan-2023",
                "StretegyType": "Vix_Monkey",
                "clientId": "A0119",
                "symbol": "BANKNIFTY",
                "Status": "Active"
            },
            {
                "serialNo": 17,
                "FolioName": "18_JodiAtm",
                "Date": "31-Jan-2023",
                "StretegyType": "JodiATM",
                "clientId": "A0119",
                "symbol": "BANKNIFTY",
                "Status": "Active"
            },
            {
                "serialNo": 0,
                "FolioName": "0_VixMonkey",
                "Date": "31-Jan-2023",
                "StretegyType": "Vix_Monkey",
                "clientId": "A0119",
                "symbol": "BANKNIFTY",
                "Status": "Active"
            },
            {
                "serialNo": 1,
                "FolioName": "1_VixMonkey",
                "Date": "31-Jan-2023",
                "StretegyType": "Vix_Monkey",
                "clientId": "A0119",
                "symbol": "BANKNIFTY",
                "Status": "Active"
            },
            {
                "serialNo": 0,
                "FolioName": "0_VixMonkey",
                "Date": "31-Jan-2023",
                "StretegyType": "Vix_Monkey",
                "clientId": "A0119",
                "symbol": "BANKNIFTY",
                "Status": "Active"
            },
            {
                "serialNo": 0,
                "FolioName": "0_VixMonkey",
                "Date": "31-Jan-2023",
                "StretegyType": "Vix_Monkey",
                "clientId": "A0119",
                "symbol": "BANKNIFTY",
                "Status": "Active"
            },
            {
                "serialNo": 0,
                "FolioName": "0_VixMonkey",
                "Date": "31-Jan-2023",
                "StretegyType": "Vix_Monkey",
                "clientId": "A0119",
                "symbol": "BANKNIFTY",
                "Status": "Active"
            },
            {
                "serialNo": 1,
                "FolioName": "1_VixMonkey",
                "Date": "31-Jan-2023",
                "StretegyType": "Vix_Monkey",
                "clientId": "A0119",
                "symbol": "FINNIFTY",
                "Status": "Active"
            },
            {
                "serialNo": 2,
                "FolioName": "2_VixMonkey",
                "Date": "31-Jan-2023",
                "StretegyType": "Vix_Monkey",
                "clientId": "A0119",
                "symbol": "NIFTY",
                "Status": "Active"
            }
        ],
        "Active": [
            {
                "serialNo": 0,
                "FolioName": "0_VixMonkey",
                "Date": "31-Jan-2023",
                "StretegyType": "Vix_Monkey",
                "clientId": "A0119",
                "symbol": "BANKNIFTY",
                "Status": "Active"
            },
            {
                "serialNo": 0,
                "FolioName": "0_VixMonkey",
                "Date": "31-Jan-2023",
                "StretegyType": "Vix_Monkey",
                "clientId": "A0119",
                "symbol": "BANKNIFTY",
                "Status": "Active"
            },
            {
                "serialNo": 0,
                "FolioName": "0_VixMonkey",
                "Date": "31-Jan-2023",
                "StretegyType": "Vix_Monkey",
                "clientId": "A0119",
                "symbol": "BANKNIFTY",
                "Status": "Active"
            },
            {
                "serialNo": 0,
                "FolioName": "0_VixMonkey",
                "Date": "31-Jan-2023",
                "StretegyType": "Vix_Monkey",
                "clientId": "A0119",
                "symbol": "BANKNIFTY",
                "Status": "Active"
            },
            {
                "serialNo": 1,
                "FolioName": "1_VixMonkey",
                "Date": "31-Jan-2023",
                "StretegyType": "Vix_Monkey",
                "clientId": "A0119",
                "symbol": "BANKNIFTY",
                "Status": "Active"
            },
            {
                "serialNo": 1,
                "FolioName": "1_VixMonkey",
                "Date": "31-Jan-2023",
                "StretegyType": "Vix_Monkey",
                "clientId": "A0119",
                "symbol": "FINNIFTY",
                "Status": "Active"
            },
            {
                "serialNo": 2,
                "FolioName": "2_VixMonkey",
                "Date": "31-Jan-2023",
                "StretegyType": "Vix_Monkey",
                "clientId": "A0119",
                "symbol": "NIFTY",
                "Status": "Active"
            }
        ]
    }
}